0,电动车核心技术是什么
0,我国新能源的情况
0,未来发展如何
0,传统汽车和电动车的区别是什么
0,新能源的优点在哪里
0,中国的电动车如何
0,什么是新能源
0,电动车的优势
0,定义是什么
0,电动车的缺点是什么
0,变速箱是什么？
0,这个概念是
0,中国能源车发展如何
0,中国能源车发展有什么企业
0,课程讲了什么
0,人工智能和无人驾驶的关系
0,无人驾驶原理是什么
0,电动车的折返角是多少？
0,电动车的电池是否有安全保护？
0,电动车的最大爬坡度是多少？
0,电动车的控制系统是什么？
0,电动车的驱动方式是什么？
0,电动车的排量是多少？
0,电动车的最大功率是多少？
0,电动车的最大扭矩是多少？
0,电动车的轮胎规格是什么？
0,回南天什么时候结束
0,中国新能源车有什么牌子
0,概念有了吗
0,主讲老师是
0,会有考试吗
0,中国新能源车之父是
0,传统汽车的弊端是什么
0,新能源车的寿命有多少
0,新能源汽车的燃料消耗量如何？
0,新能源汽车的购买成本是多少？
0,新能源汽车的使用寿命是多少？
0,新能源汽车的维护费用是多少？
0,新能源汽车的充电时间是多少？
0,新能源汽车的行驶里程是多少？
0,新能源汽车有哪些补贴政策？
0,新能源汽车的技术发展如何？
0,新能源汽车的发展趋势是什么？
0,新能源汽车的充电方式有哪些？
0,什么是中国新能源汽车？
0,中国新能源汽车的发展有多快？
0,中国新能源汽车市场的规模有多大？
0,中国新能源汽车的种类有哪些？
0,中国新能源汽车的销量有多少？
0,中国新能源汽车的价格是多少？
0,中国新能源汽车的技术有多先进？
0,中国新能源汽车的发展有什么样的好处？
0,中国新能源汽车的发展有什么样的不足？
0,中国新能源汽车的推广有什么样的政策支持？
0,中国新能源汽车的技术改进有哪些？
0,中国新能源汽车的发展是否有可持续性？
0,中国新能源汽车的技术发展趋势是什么？
0,新能源汽车的使用环境有哪些要求？
0,新能源汽车的安全性能如何？
0,新能源汽车的发展受到哪些限制？
0,新能源汽车的技术改进有哪些？
0,新能源汽车的节能效果如何？
0,新能源汽车的排放标准有哪些？
0,新能源汽车的车速是多少？
0,中国新能源汽车的发展是否会对传统汽车产业造成影响？
0,中国新能源汽车的技术创新能否满足用户的需求？
0,中国新能源汽车的发展是否会增加汽车生产的成本？
0,中国新能源汽车的发展是否会改变汽车市场的竞争格局？
0,中国新能源汽车的发展是否会改变汽车行业的经营模式？
0,中国新能源汽车的发展是否会对汽车行业的供应链产生影响？
0,中国新能源汽车的发展是否会改变汽车行业的销售模式？
0,中国新能源汽车的发展是否会影响汽车行业的价格竞争？
0,中国新能源汽车的发展是否会改变汽车行业的
0,什么是新能源汽车？
0,新能源汽车有哪些类型？
0,新能源汽车的优势有哪些？
0,新能源汽车的动力源有哪些？
0,新能源汽车的车身结构如何？
0,新能源汽车的车辆性能如何？
0,新能源汽车的智能驾驶功能有哪些？
0,新能源汽车的智能安全系统有哪些？
0,新能源汽车的智能信息服务有哪些？
0,新能源汽车的智能连接功能有哪些？
0,新能源汽车的车辆控制系统有哪些
0,电动车的电池寿命是多久？
0,电动车的最大行驶距离是多少？
0,电动车的最高速度是多少？
0,电动车的电池是否可以更换？
0,电动车的续航里程是多少？
0,电动车的充电时间是多久？
0,电动车的重量是多少？
0,电动车的最大载重量是多少？
0,电动车的发动机功率是多少？
0,电动车的电池容量是多少？
0,电动车的刹车系统是什么？
0,电动车的悬挂系统是什么？
0,电动车的刹车距离是多少？
0,电动车的转向系统是什么？
0,电动车的上坡能力是多少？
0,电动车的档位数量是多少？
0,电动车的驱动电机数量是多少？
0,电动车的驱动电机功率是多少？
0,电动车的驱动电机最大扭矩是多少？
0,电动车的控制器是什么？
0,电动车的车身尺寸是多少？
0,电动车的结构是什么？
0,电动车的车架材料是什么？
0,电动车的车轮尺寸是多少？
0,电动车的车轮材料是什么？
1,今天天气
1,现在温度
1,广州多少度啊
1,现在温度多少啊
1,现在室外问题多少
1,今天会下雨吗
1,会下雨吗
1,会出太阳吗
1,会有台风吗
1,现在几度
1,今天会涨潮吗
1,人工降雨后，温度多少
1,需要带雨伞吗
1,今天穿短袖衣服合适吗
1,需要添衣服吗
1,需要开空调吗
1,会降温吗
1,会下冰雹吗
1,清明节假期天气
1,美国天气
1,这几天出差要多带衣服吗
1,春节未来七天的天气
1,会地震吗
1,天气怎么样？
1,今天的天气怎么样？
1,明天的天气会怎么样？
1,下个星期天的天气会怎么样？
1,天气会变冷吗？
1,今天会下雨吗？
1,明天会晴天吗？
1,下个星期会有雨吗？
1,今天的温度怎么样？
1,明天的温度会怎么样？
1,下个星期的温度会怎么样？
1,今天会有多热？
1,今天会有多冷？
1,明天会有多热？
1,明天会有多冷？
1,下个星期会有多热？
1,下个星期会有多冷？
1,今天的风会有多大？
1,明天的风会有多大？
1,下个星期的风会有多大？
1,今天会有雾吗？
1,明天会有雾吗？
1,下个星期会有雾吗？
1,今天会有雨吗？
1,明天会有雨吗？
1,下个星期会有雨吗？
1,今天会有雪吗？
1,明天会有雪吗？
1,下个星期会有雪吗？
1,今天会有霾吗？
1,今天会有沙尘暴吗？
1,明天会有沙尘暴吗？
1,下个星期会有沙尘暴吗？
1,今天会有冰雹吗？
1,你今天早上感觉到的温度是多少？
1,你今天晚上感觉到的温度是多少？
1,你的温度计显示了多少华氏度？
1,你室内最近测量的温度是多少？
1,你室外最近测量的温度是多少？
1,你室内最近测量的温度是多少华氏度？
1,你室外最近测量的温度是多少华氏度？
1,明天会有霾吗？
1,下个星期会有霾吗？
1,明天会有冰雹吗？
1,下个星期会有冰雹吗？
1,今天会有大风吗？
1,明天会有大风吗？
1,下个星期会有大风吗？
1,今天会有暴雨吗？
1,明天会有暴雨吗？
1,下个星期会有暴雨吗？
1,今天会有高温吗？
1,明天会有高温吗？
1,下个星期会有高温吗？
1,今天会有低温吗？
1,你最近经常感受到的温度是多少？
1,你家里最近测量的温度是多少？
1,你室外温度计显示了多少摄氏度？
1,你室内温度计显示了多少华氏度？
1,你今天早上测量的温度是多少？
1,你今天晚上测量的温度是多少？
1,你最近感受到的室内温度是多少？
1,你最近感觉到的温度是多少？
1,温度计显示了多少摄氏度？
1,你家的温度是多少？
1,你认为外面的温度有多高？
1,你最近测量的温度是多少？
1,你身边的环境温度是多少？
1,温度传感器检测到的温度是多少？
1,你室内的温度有多高？
1,你室外的温度有多高？
1,你最近感受到的室外温度是多少